merchant_id,name,risk_score
9227138b-1a5f-4357-bf08-dbc0c36948f9,"Jones, Lee and Kemp",4
8749de87-e6c4-4222-b8da-e743b08cd7f9,"Robinson, Stanton and Riddle",8
c66b18b1-2c19-45e0-8e89-71df7a8af160,Jennings-Harris,3
26fc5028-2161-436f-ba46-276e30fa6d6f,"Torres, Levy and Chambers",7
c5066ce4-b6b0-42f1-9502-b384a55ba82e,Ruiz-Yoder,3
b50cc014-5b02-46c0-ad12-c7cd744ade90,"Ibarra, Boyd and Johnson",2
c12d63d8-194b-451c-a413-8b463bb745f7,Peterson-Terry,2
18f914ec-67a4-4b92-8d11-c9b3e0558271,"West, Duncan and Nelson",3
a763d049-18bb-42c4-a817-4d9fecb9e9e6,Sanford-James,0
873706f1-6786-410c-880d-e66d4a48976b,Hunter-Lamb,4
3171daca-3212-4170-a5c7-3b1dc67dc1d6,"Hughes, Burke and Dean",3
4dc8e44e-7223-46aa-836d-51b7cae8608c,Frye-Butler,1
b73d5f26-576d-4136-914c-a06eaa3677b4,Brown-Scott,0
0d25cc12-fc60-45c9-8163-63d09d0aa17c,Hall-Davis,0
201d97c6-c022-4c5b-9b7e-92b078225172,Kim and Sons,1
79807a2a-ef55-431e-9e78-789a5bc8b394,Robinson-Gilmore,6
5fa5a107-ce3b-4f6f-bbf9-b7507a3ee95d,Perez and Sons,5
3f0225d0-b8ea-41b2-8c61-a911f95b1605,Jones and Sons,1
3977555b-4f2b-4e6c-8812-c3b0b25e64a9,Reed LLC,5
639aa63c-1697-44f8-a2a7-a0ef6b36bebc,Sandoval Ltd,5
f62ceab5-fead-4209-9339-267549a5f715,Hill-Perkins,6
a0332f44-384b-46de-b2a7-9c6b317cc41b,"Poole, Armstrong and Wade",1
6c916739-c40c-4f0c-a24f-8ed212afbca1,"Duran, Hammond and Nichols",0
cc445954-4ae6-42bc-a658-f1b49881fc23,"Kim, Ward and Wyatt",2
b6b1bfe4-4783-48da-b4ca-2282a48c9aa9,"Bond, Wells and Nichols",3
c50f513c-1b88-419a-880b-77c9bc2adbdd,"Rocha, Vaughn and Ruiz",2
79062fb4-ac05-4cb0-a13e-14a9fc1b0b00,Moore LLC,1
9663fb7b-7100-4bcf-8551-c5eba30a8491,Larson Inc,5
0979b38d-97f6-42fe-9a90-45335b8484ad,Spencer LLC,3
0e1555bd-de94-4c45-b932-9497813f84c4,Jordan Inc,0
4075cd19-9116-4fac-ab0c-5175cbb6d7da,Smith-Taylor,6
447ffaa5-27db-4e59-bce8-9d9a322b22e7,Garcia Ltd,0
26b80771-4044-4a67-a88e-55eb46358de5,"Ramirez, Wilkins and Gonzales",2
63146c2a-c3e8-459a-aab4-99b96fb7b8a1,Anderson-Russo,3
7e2df520-0522-445e-897f-b65cd3a36dd4,"Cooper, Love and Day",2
480a5c2e-a058-473d-8007-013f7f615119,Sanchez-Clark,5
36e73e3b-3ceb-4698-847b-f06b3a3f88fd,"Brown, Perez and Torres",4
699e5306-234a-4a8d-b633-00debab63645,"Werner, Ponce and Taylor",6
43753836-a005-4f55-97d4-962ed3395a3b,"Snyder, Walker and Curry",1
03914e90-9b30-4e0b-82a2-cde2b37abfd7,"Brown, Best and Sanchez",4
0956c3d2-492b-452e-bc4b-4cb16f98532c,Adams-Marsh,4
41f50270-6f07-44af-aef4-0322a7a90d86,Hill-Cain,5
5f375409-2b99-42ab-833d-067726d436d6,Johnson Ltd,0
81d07e55-b1ce-44f7-bd19-c2abcc404bae,Hamilton Inc,2
3798e26a-2e15-4489-9769-b008ada0b09a,Best-Cooke,6
f80f6711-d035-4853-91d7-fcd2c8691f47,Reyes and Sons,3
c871be6d-2e9f-4a9a-8cf6-2b88667ea98f,Phillips Group,1
175c22d0-4c89-45fb-a56e-3e9457b5dddb,"Brown, Holland and Berry",3
1d187a6f-81bc-4f16-827b-9f0dd2c3d289,"Adams, Henry and Hudson",9
cca97700-6b64-4b22-87b1-ac9b654f0093,"Moore, Watson and Fleming",1
76ea67db-cb4f-435d-81d4-c419a9b4c29b,Steele-Nelson,6
f9ed079f-f244-43df-b2ac-05a9aeb44ba6,Gallagher-Gibson,1
eeaf13bc-fe84-45d3-b8c5-298327073b7d,Meadows Ltd,5
933b0562-08d0-4b7e-8451-37a7b8145ea1,"Pham, Shelton and Smith",1
e42b1ca2-f0f1-48e3-8b33-e8fe9b20bc4b,Le and Sons,9
3b5241ba-235e-42e3-b9ff-b8abdf927af4,"Moran, Johnson and Bailey",7
a43e5917-7edd-4522-a657-c186b7d6a8f8,Wilson and Sons,2
d7b90de4-97f8-4c61-b2c0-7b2ad1aaf6c2,"Clay, Madden and Parks",0
360ec569-f43f-48e3-8cc0-115a8e01a136,"Kirby, Gaines and Monroe",6
4e24ac8a-59fc-4500-a23c-ace624319f0e,Goodwin PLC,9
8d677789-f76d-4779-8156-e5cc50b7fbc9,Wall PLC,8
6e180704-c325-45ff-b663-3b62b5bb052b,"Ross, Huerta and Morales",3
b5358cb4-2e6d-4ea2-8124-93f955794f6c,Macdonald-Clark,5
d4499d3f-fcef-4172-b2e6-2e041d83e3af,"Ramos, Ellis and Neal",5
204c99f3-f617-4313-a708-e32993f1de67,Lopez-Allen,6
c797e4c6-23b0-4c48-8b05-bae999b7b2a2,"Andrews, Brock and Bennett",6
6f2bb827-7a52-4c83-b73b-6959663f7f6c,"Mccoy, Brown and Gonzalez",6
fc74b329-2cbf-49af-814c-5cad842fa942,"Hodge, Terry and Adkins",5
915df7a9-e473-4578-b78f-23dc415a4e56,"Richardson, Barton and White",0
908e150b-2d4c-421b-ae6b-a49ee75df36f,"Nelson, Moore and Washington",6
620c2563-9c8a-4c3f-8a60-66242a6d3f70,"Rodriguez, Higgins and Sandoval",0
7c467e2a-84d3-4791-aa96-992c58b70ed3,Brown PLC,6
12f65ea9-9db3-4f25-9c2d-3bb170e0e866,Smith-Villanueva,1
843285e6-3aa6-4924-b9b7-731473a1229c,"Anderson, Cortez and Moore",2
5e5f9e50-3bde-4b53-a3fd-42de6d66c999,"Singh, Long and Ford",5
40e87995-02ad-4477-955b-7f70279e77e8,"Ayala, Jordan and Walton",2
c6baeff7-9278-41b5-9e2c-281d181f3390,Chambers-Cook,6
d915b7bf-00f7-496a-99a6-2938447dc5be,"Cole, Roberts and Simmons",6
2d64ebce-4eec-487e-8fa9-e2a46a4a51c0,Baker Inc,1
cdf63c08-bff9-4dab-bf2c-afb58e718ca2,Mcguire-Berger,4
6bdfef3e-f3c2-4de9-b7f6-5425ff39b950,Edwards-Foster,0
8c3fd31e-c249-48d8-b3f8-0e40fdd48576,"Guerrero, Thomas and Williams",3
9d85d565-e2c2-4ec5-aaf1-7e725f86b04e,"Harper, Walker and Vega",6
745551d9-93f3-4bb5-a09c-346061505bfa,"Cox, Vargas and Sandoval",6
7ffd01da-5878-437b-8387-154cdf866614,"Brown, Mitchell and Jarvis",5
60bc68d4-6e60-40e4-9b4e-357ad302bbe5,Owens-Romero,5
8ffd5ce2-4bcc-45b4-a546-291a3dd37fa4,"Brown, Taylor and Perez",5
592ca769-f66d-43d3-95d2-01fc2296e51d,Robinson Inc,5
6a8bdebf-6382-4e78-8da9-329782013b82,Shepherd LLC,5
b41840b3-f217-4fba-a074-e11b8974c009,Cox-Long,1
ca3b60b3-ff27-488e-9fe0-8895c1c2a34a,Griffin LLC,2
23eaa725-e5a1-4de2-900f-df717bf3872e,"Snyder, Hahn and Mitchell",6
f4757f24-5f07-41d8-8ebe-8d0719c0f60c,Curtis-Contreras,5
7f17998a-2db7-42de-9cee-cffcd0fbe87b,"Martinez, Mcbride and Lewis",7
093cbafb-0938-4258-a85a-544ac8d05400,"Turner, Tyler and Carr",6
90e11bd4-8927-4661-8777-91037ccdb4a9,"Hayes, Graham and Gaines",3
e769de5a-010a-4bbf-91d2-b52fe4f52219,Wheeler-Malone,6
080d9c16-201b-428e-ac6b-15cc383a4268,Choi PLC,3
d7b8d618-4834-4385-84bd-e417e1f24bb4,"Bridges, Fowler and Bates",0
57def07e-c9af-4888-aa77-2c07e793a51c,Mcdonald Ltd,5
50fcddc2-b32f-4652-b294-220e87cdaf11,"Petty, Adams and Hale",0
15a2f885-ade9-4787-886d-5bb3a4c92e1a,Turner Ltd,9
139ba4fc-e21a-45d2-b92d-2c0d3cab3c64,"Robinson, Jenkins and Miller",1
c5b77500-559e-4279-a6dd-396b5939f2e0,"Ward, Richardson and Krueger",9
c2811c89-d127-4a3d-8ea9-b2a61eea47e5,Pierce-Miller,2
9dfdc904-921b-4a7b-9e10-f6eb24def69b,Sandoval-Davis,8
c9d20fd0-deb9-4bbd-b768-fc3597811aa5,Hogan-West,4
8a81722c-4ae5-4671-a566-46311ea945e7,Johnson and Sons,2
7e4290d6-13e5-4ba5-aacb-988d1f289090,Bowen Ltd,5
c23843ad-f4fa-449f-9061-d16124ae132e,"Sloan, Young and Barrett",3
f7148531-96aa-46ff-a506-f85b1ea2f8bf,"Townsend, Howard and Wilson",5
6b2f5f33-525b-4fb9-bf29-6ecb6c6417b3,"Tyler, Jackson and Edwards",3
77e87153-265a-4883-9ce5-9001ecfaca5b,"Kaiser, Jarvis and Boyd",4
f64e1a8e-44c4-4109-b23c-ea1b12fca96f,"Harrison, Pace and Cannon",0
29b9ff43-37f6-49c3-9e50-1e86eeb62d28,"Sutton, Fox and Patterson",1
c4fa3414-96e0-4c3b-aa84-045e93f8f80d,Francis-Rojas,0
e9b2c55a-69d7-4a41-8c1a-42ad613c5c58,Dominguez-Hill,0
42cb2e29-befb-4eec-abcd-f660a84149eb,Miller-George,2
7ae5ba3a-018e-4c29-b68a-5c5a61acc2dd,Vasquez-Gonzalez,4
78877ea7-5f26-4a59-9cf0-d4566f965ac2,"Horton, Hill and Sanchez",6
e192b84a-b75e-4706-b241-ef19d9ce419b,Matthews PLC,1
48052a17-7579-4798-a6fe-5db4428ac4e5,Cherry LLC,5
b2eb8c6c-48d2-45af-b827-38d9187eb9d9,Baxter LLC,3
e3e297e6-5fe9-4509-9e5f-0e6b43447992,"Johnson, Garcia and Hopkins",1
c0b4b595-5fa0-4368-a633-9aff3ae60034,Rogers and Sons,3
06da9606-ff02-4b43-bae5-a6f63c61e717,Haley-Zamora,2
60462685-2e9d-4ac5-abe6-6c2e6ba5e444,Wilson PLC,1
2b11d8f0-9320-4548-8c73-57c38c4492bf,Hodges Inc,2
7798787b-e1bf-46ca-9a29-db919d0f6ea5,Peters-Dickerson,2
e756581d-2af4-4e9e-998b-bd1f5ac984f8,Martin Group,5
9fcd5706-ce50-4cf4-94af-13a95aa45987,"Burns, Cox and Robinson",0
ef71e8c6-829e-4d46-b7f2-b941326ef634,Davis-Carey,1
fcd67fc9-d5a2-4d17-950c-7a3b89a7afb0,Moore Inc,4
9e0db061-6022-4dfd-b668-9cca97e0713f,Thompson Inc,6
37995f5d-3296-4bbc-b01e-5e84b2673bfc,Johnson-Roach,5
7f1aee95-eaf2-4cf9-b710-a29856a118e5,Hawkins LLC,1
88e0285d-a879-4bc3-877f-6f3aadb2f86a,Martinez Inc,0
3386f919-ce51-4310-aa73-9b7c15c7709d,Bennett LLC,5
0c7ac154-7c27-4070-afa5-166dbce84a5a,"Carpenter, Jones and Ferrell",0
cc14cbc5-4007-444b-9789-f9956ac714f7,Hunt-Callahan,6
2146a8ce-8497-4fe0-a932-a3fda9637967,Martin-Kane,9
69fd3665-39ff-4016-bcec-668c2202e3bb,Jordan-Love,2
4324cbad-ecd8-4cf8-9b7b-d00d9b577608,"Brennan, Carpenter and Morrison",1
6af36b17-b9f4-4a3c-bfa1-6cddecc1bcca,"Lucas, Pitts and Smith",9
2ba5525f-db49-4dae-a8bc-57d175241b4b,"Thomas, Murray and Perez",1
6d39e765-7044-4a01-a6b3-30b8ed50e860,Smith-Perry,5
9bd355ed-e33e-4dd1-9fc0-0946c294f6fb,"Mahoney, Singh and Hardy",9
3c466c60-8d66-49a6-8454-1f96759b0279,"Peck, Hopkins and Torres",5
ed237464-5159-482f-82ab-ee7a58b2a918,"Ward, Williams and Hoover",7
1522adf9-69e8-4e4f-b9c9-fc9159eb86ea,Payne Ltd,2
26440582-ac60-4dd1-adac-5f9d0dff9bfd,Carpenter-Olson,1
6ad56a9c-d442-4b43-8d4f-697d63b22b1a,Clay and Sons,0
a13917c0-97a9-4a2b-b045-c84cf4030207,"Watson, Lozano and Stevens",5
8e410df0-906f-4a23-b72a-679967382819,"Johnson, Gibson and Morales",1
d49cd5d9-3e70-4d6d-98f6-5c173c68e696,Travis Inc,3
bd7d93c8-ac0e-4fdf-a164-dae58b692183,"Cruz, Wilson and Robertson",7
1b21d28f-9eef-4adb-bb68-d9a62d7edbdb,Williams Group,1
70a8e315-9b2a-4a75-9c61-8a36ca581db2,"Cisneros, Fleming and Patterson",6
a9877e8d-2fcb-4707-becb-670ac923af53,Becker-Marshall,1
71875a42-655f-4c8e-8b21-152c563caec9,Chang-Higgins,0
76a4bde2-de56-4819-bbe4-92d694ab3ade,Baldwin-Sandoval,6
ea6ae2c9-f579-4656-9625-ff78748de64d,Aguilar-Pierce,5
290dadf8-80b6-46dd-bb33-2b24abb24b60,"Navarro, Garcia and Williams",3
b629a7bb-0ff0-4358-8018-2816c2d235a8,Ray-Jordan,9
fe7779e9-b93d-40e8-a6c6-7eb4c3e910d1,"Scott, Jones and Wood",3
d9d303ce-d2c6-4f93-ae4e-55c5f8b8244a,Ingram Ltd,0
acdb1ff4-a10b-4269-84f8-ecd3f813c660,Nelson-Allen,3
929bbe6b-cec9-4917-8cbc-39c51454da07,Hall and Sons,0
1085c271-2a65-481e-98bd-46ecafb1c5bb,Rodriguez PLC,3
96c632d2-28b4-44a2-bb6b-421c39cbc645,Floyd-Golden,3
046a3bfa-64cc-4595-9d58-2b11475f4008,"Richard, Mccormick and Brewer",1
8fd96a99-2d58-47dc-a7aa-6c962d928596,Jones-Anderson,4
5e486759-2930-4e4e-963d-8685737792dc,Snyder LLC,0
e8b5384f-9386-410a-aaff-96167e4d07c9,Henderson Group,3
9185382a-86dd-41de-9e70-6376323ba519,"Murphy, Montes and Bryant",5
8b34330b-1c49-43c4-bd4d-0055b7d4095c,Payne-Mason,1
09680049-70ea-455e-9baf-d81bd1688669,Wood-Reynolds,6
40f0a1e2-075e-448d-ba08-d50264bace7e,"Johnson, Anderson and Thompson",4
b89c8c69-f959-4839-8db8-b6f0788172cc,"Wright, Ross and Herrera",0
dd715176-0b0e-4eb5-bd72-718b9ede85fb,Simpson-Haynes,5
12e361a6-e2cf-410e-be67-5b7725550959,Hanson-Herman,0
781bf2fa-ff23-4e9e-aa2c-a16b38a1117c,Washington-Davis,5
9b13fa36-498a-4135-b4ae-7fbb37a873ee,Evans Group,2
c451f711-56c6-4c0e-be73-8edfdf8c271d,Scott and Sons,0
713f176a-1438-497d-88c1-f2a5b6d9669a,Olsen and Sons,3
a5e94b64-1190-42fb-b9f9-083933b4c826,Martinez PLC,4
02cbf334-49e6-4a57-bd09-f87aa3983bd2,Brown Ltd,9
b613d741-525d-46d4-b292-987fa24b307e,Nguyen PLC,1
3931fcc1-d2a1-40df-bdaf-a95882561ccb,Rodriguez-Adams,2
fca5b1dc-28fa-4bab-a7a7-3a58124201a4,Lee PLC,0
6d1075f1-8ea0-47b9-92ab-041197851fae,Lowe PLC,2
808aea3d-9a0e-4c36-b8dd-65a69a309ff9,Harris-King,6
a20c1e48-4967-49ae-a8a5-315ea9e4867f,Harper-Beasley,1
c252730f-7680-4d2b-a176-4fd3b26f4cdf,"Pena, Gonzalez and Gomez",6
2d72bdbc-818e-4886-82ce-24c723ecebf4,Howard-Lawson,5
0b7f0d6a-7b0b-4ee7-9a43-a86c314b5196,"Young, Guerra and Nichols",3
2de79f90-a726-4145-bc73-da63edee2c18,"Waters, Allen and Carter",5
4d12b028-e49b-4c31-9a0e-6181167b7b5f,Delacruz-Daniels,5
a8e88c08-003e-4101-8fdd-b4f64918e9a6,Beck-Pace,6
bc6abfcf-4970-4101-9b11-73229bea76b8,"Wang, Glover and Garcia",1
af9b5115-5a4d-49df-9fe3-f8a9d3d963fe,"Mathis, Figueroa and Jackson",9
79ce0ef5-1476-42bf-ba7a-592f781424b1,"Moore, Ford and Hensley",0
5f170320-bc72-4dd4-a3dc-b1f7786f67ad,Whitney LLC,1
0c0c5f3c-d486-4466-bc0d-0140cf337105,Stone LLC,0
aec0b01d-96fd-42f6-ba51-dd5628ed6ed9,Richardson-Miller,0
c850a8af-5a8f-48b8-86dc-e312e7ef242a,Wright-Johnson,2
835bb3e5-3fe6-45e4-be8a-52120add882c,Day Group,5
31ff2fec-e72b-455c-8dff-51909fc40049,"Flores, Dyer and Brown",2
d131bd3c-47e9-49fa-b562-274d83d162f0,Williams LLC,5
fe24564e-964b-4748-b817-3c3fbb265a12,Palmer Ltd,4
64979130-1d03-467b-9a20-b2a35babdc13,Pena-Copeland,6
970b3fe3-6a4a-4282-9365-0fecab47091b,Castro-Byrd,6
4011ff3a-107c-4944-b902-53d4b3c4b146,"Thomas, Hunter and Daniels",4
68ea869c-99e3-4dd9-abc6-42ae91798b81,Gonzalez-Knight,5
959e6545-041a-4ef4-85f5-6c6b39dc55e7,Clark PLC,1
98b0d3db-00d1-4b2d-a9a5-18b098830a6c,"Cantrell, Williams and Wright",5
9dd46a1c-7a67-471d-b468-783425f5e3a9,Molina Group,0
2f72aa03-9ab1-4b2d-b8d6-ba146c101bc5,"Martin, Roy and Powell",9
6594866c-9e02-402a-ad33-9fe520fd97d3,Lawrence and Sons,0
dace9b3e-eecc-4c37-9163-d397e672ecc2,Ward Ltd,6
d8f39013-c282-4f52-8868-11e24c45448f,"Jordan, Trevino and Barrett",2
d22806cb-54b3-4223-b534-f5db474fe2e7,"Mitchell, Alvarado and Maxwell",0
3f5939a3-0429-434d-9d0f-8126452aa976,"Nicholson, Whitaker and Oconnell",4
1d32708f-6c85-481e-b4bf-53b760d3ab0e,Davis-Norman,4
7d9b57e6-ec53-40b2-9a51-939b5f918a98,Martinez LLC,1
26f1688f-b95e-48e6-af29-8476eeee8f60,Riley-Garza,1
686f84e3-e0b4-41c9-9b50-0b3bbc869885,"Werner, Clark and Davis",3
92079ca6-2173-4aba-8bc4-9e50720fb073,Webster-Henderson,4
2794a5f3-db64-4180-b50e-b30a46ccae34,Grant PLC,6
d0bd0f6f-16ef-4bcf-9921-b5ebd6667884,"Gregory, Rollins and Lee",4
de5936b0-2651-426a-8437-d162368645b2,Campbell and Sons,0
c0dc915e-068c-47a3-852d-43c75a7c3335,Collins-Dickerson,2
44c4b3c4-54b9-47a3-9690-2b864055a4fb,Alexander-Jordan,3
844d91ab-4963-4e29-99d1-25c79f6df227,Leonard-Bruce,0
273a2fa8-5755-4be7-b9c8-7d1bcdc1c470,Owens Group,2
3646e20e-01e9-46df-bacf-a97bc587fa21,Martin LLC,4
eb43b012-7595-4946-8d40-c44040e2fc5f,Hines Group,2
0ca4ed9a-ed1b-4a49-b3c7-9f4b837897eb,Crane LLC,5
b876adc1-b792-4e4d-8e02-5eaa84d64772,"Martinez, Lee and Hall",9
5f4ca29a-4934-4a1a-9111-d4db132e6344,Mccormick-Daniels,7
7e5779d5-5340-4db3-bedb-7f4d12e53b97,"Escobar, Faulkner and Tran",1
665a55f8-63d9-4e8c-af8f-d31088274e73,Schultz-Ward,3
f1c1406f-ab16-49ad-8367-6ba8ef1930a4,Barrett-Hahn,6
c8862e58-db78-43dc-a2cd-e54d3eba917f,Tate-Gibson,3
9d5d5943-0405-4056-b4e2-d2254038e881,Howard-Huang,4
c78793df-8408-435b-9e8d-00ce42a01c72,Ward-Thomas,2
38f54bd4-6acd-4bb4-aec7-8fef81d3ed27,"Daniels, Sutton and Waters",4
34e2bad2-9db7-4507-ad55-9d9490ff4914,Jenkins and Sons,1
71e5f181-f9bc-49be-9460-ba963ecbc7b9,"King, May and Little",0
03ac0450-18f2-400c-ac20-2b3c6ef0d147,Wilcox Inc,2
f2a2037a-7404-41b2-bafd-1cfd3c11fc30,"Stone, Mccormick and Martin",2
95867c30-1575-4e5a-a9ff-22fdd7ed6dff,Barnes and Sons,3
d5504105-02f0-42b2-918a-edfc607fc761,Salinas-Fisher,1
d87702fd-be74-4b5d-b5f7-eb76210377e5,"Hill, Washington and Harrison",4
582467ab-af00-43f3-830b-9068d1054ae5,"Mendoza, Jones and Fletcher",2
c715dffd-b670-4aa1-8df6-c629158610c6,Stephens-Pearson,6
91189e26-3234-4854-9ca9-f87bb57b8851,Alvarez Ltd,4
353d97a9-fe34-451a-9265-a7b3c9048067,"Henson, Cantu and Carter",2
9298a969-0696-4b7f-886e-60027a8f3221,Goodwin-Watson,4
b1400f12-7fe2-4e6a-b708-2c04438833b8,"Flores, Klein and Keith",4
87031032-18ee-4dc8-897b-a371cc9b62a9,Gibson-Griffith,4
afce28e9-e259-4ba9-b751-cb66260fcf84,Thomas-Bryant,5
3e064f13-8b58-4387-8824-4c8b2ab8ba7f,Hahn PLC,0
1e12e581-51f2-4c41-b451-c3f3a58626bf,"Mccarthy, Mendoza and Cardenas",1
7cb91789-ca76-4231-a54d-d7d2aea6f676,Oconnor Group,1
8b356a5d-44fc-461d-a831-264c7dfb20dc,Lopez-Evans,2
a35394cd-b1e2-47d0-9434-e6f6ff60a430,"Klein, Burns and Ford",0
e9cf5e21-71ad-4861-b49f-8f50c33a762e,Harris Ltd,2
69d2014b-70fe-4bf2-942f-c2f7870e89cd,"Rivera, Gonzalez and Fisher",3
56c54d29-a8fb-48cc-b1aa-50d54379fd1f,"Davis, Jones and Moody",4
3e9a275a-d546-4d36-b90b-2dada5fd3bd8,Cruz-Bolton,3
59c51d32-0e1c-419d-a2c0-7469da7bafe7,"Sanders, Williams and Woodward",4
81f87e2c-5111-425d-835d-e021f0d13d85,Ortega-Erickson,7
4e54b136-d165-4e6e-820a-088eadb9f8cc,Villarreal-Clark,3
8da3b188-9a90-48fd-a3b8-5694b210c9f8,Vincent-Baldwin,3
a0076fd8-b5aa-4cab-9319-95d02a0bd0a1,Melton-Wilkinson,0
7b63ee30-7447-4ac9-9bc5-c2c20e59c423,"Taylor, Robinson and Johnson",5
349d9c2f-dc39-4c70-b057-ac9785248678,Scott PLC,3
4d9dcf76-b836-4510-9083-01b7d358c6d9,Mullins-Page,4
70f7d664-2403-4581-906b-08a5f0f8b1f6,"Campos, Anderson and Mejia",5
c64953e2-4a0d-4a8a-b59d-06cafe0da460,"Chapman, Lane and Conway",0
ef639335-7624-4816-bdcc-19edf817fc4f,Allen LLC,2
8cd26a9b-0999-44a4-8ea1-58ec389a589f,Combs-Myers,1
13eeb12f-3ef0-4f4d-9e53-fb588ba1e6d2,Kelly-Neal,9
9515d063-b4c6-43f0-bb79-f09feeb184fe,"Scott, Lester and Sims",3
419a612f-c022-4a57-a5aa-b7c2ca26ec1a,Griffith Inc,0
ade3e129-6319-4e54-81cd-3595567a70a3,"Spears, Martin and Garcia",5
6153d070-e8d9-43cb-b1bc-15d777a2df78,"Romero, Rivera and Hopkins",9
5e5545c2-a919-4164-8e46-9304e40b20bc,"Nichols, Rodriguez and English",0
5536e247-5e66-40ae-abef-f9b99431902e,Bishop PLC,0
14cfa34b-a0fd-4c7d-b2ec-e4aca747f290,Arias Group,5
9ccc3db5-4ec4-45c3-ab3c-fa11173ccad9,Swanson LLC,2
83953cec-5583-45b3-8769-e2911fe8d6cc,Graves PLC,0
e636c6e0-46bb-46c0-8fe6-12c2ba819b2d,"Sutton, Rivas and Stone",0
0ebf0aac-c1cc-485c-af49-302f14cdce23,"Crawford, Larson and Lewis",6
b70c5123-e515-4e0d-ac87-e5a628848b95,"Stewart, Brown and Thompson",2
20508851-6709-433c-83dc-5dca023d7c14,Coleman-Gutierrez,4
a7b6113d-41b2-475e-bc6f-351019143ee2,Carter-Norman,6
d1b024e7-f33c-43d2-bd0e-8a5ecec6156a,"Hill, Wheeler and Johnson",2
d348162b-de7a-4066-ab18-e020fe034c7a,Larson LLC,3
09ed7c63-2214-4249-b715-73747240563e,Thomas Inc,1
f8f61511-2a4d-42e5-a1cc-431c552b2537,Harrington PLC,5
88b40cb5-8c4a-4789-a3f3-ba970a064de7,Ferguson PLC,3
6b577088-e25b-4a65-bc5d-be5ede4112b9,Williams-Cox,1
c0308b12-6053-414c-ad32-96be531144ad,Green-Garrett,1
afa1237f-fd4a-457a-b03a-6a5977aa9054,Bryant Ltd,0
5209e84b-889c-44b1-bf14-4ffb56429d96,Sullivan-Dennis,5
a10a8482-5d31-4bc6-9697-4607b36a1ebb,"Peters, Watson and Guzman",4
471c56ec-ae45-41f2-9a0d-64ea8c6d5a08,Mitchell Inc,4
9198cdaf-f514-4be5-85ad-eb4d424d2664,"Thompson, Johnson and Blanchard",0
ce465b62-f5f2-4834-8ca9-7bf03e547f07,"Ward, Schroeder and Arellano",6
2b6fc662-c80c-45c4-a865-356db4ad67e2,"Mendoza, Garcia and Brady",0
eb71b3ce-cdda-41eb-b3e1-2f1df56aa50c,Ramirez-Jones,3
3b2c8f84-90a5-4225-aba1-f559f395b15d,"Lawson, Butler and Gonzalez",1
292c1bff-585a-4037-9eea-5ac05aec4841,Higgins-Keller,3
bacc6c0d-700b-4c5c-939b-bd294e32fbff,Jones-Goodwin,2
4ce90ea5-70f3-410c-8d2f-c695464b5b33,Todd Inc,5
f5ed6a3f-1c6b-40a1-94d9-7e31d5d6d0c5,"Robertson, Grant and Russell",2
0d52509b-02c8-4414-b688-7cb6e1d1b5cf,Roberts-Rodriguez,0
751c5b62-818c-4233-8d67-3d251b1f8eb4,Ashley-Anderson,6
c8796249-bece-415e-b7c3-cf659fec51a9,"Burke, Ross and Mitchell",2
10789900-b4ba-4749-aa49-162d6b883c5a,"Russo, Foster and Smith",5
41889c6b-f94f-4b89-9805-a55fa4a57907,Roberts Ltd,9
7d9d46b3-6de0-4b5a-af0b-5977f90c3845,Webb Group,8
bb664ea8-4e08-47b7-abf0-a8effc895a04,Lee-Robinson,1
d41eb82b-17f0-4af3-bcd6-4aad8161b77c,Davis LLC,3
8ccd962b-8c3d-42a6-9ee6-8d38c51b7dbb,"Wolfe, Griffin and Wagner",2
0696bd57-95fc-4a11-9a34-e07b8ac2aa63,Bell Group,4
d8b30238-c187-473d-a01b-170d5f4205c4,Johnson-Calderon,4
a8484d58-4360-4687-9aef-b4db822f0806,Merritt Group,9
38170971-09e6-487e-a995-ebedd6693b17,Payne and Sons,6
d0617da4-1258-4baf-acfe-b29681fb5bbc,"Atkins, Martin and Owens",6
10b37d73-38f2-44d3-b19b-617ef2e5be64,Woods and Sons,4
bb3890d4-b753-4a5f-bcc7-6db76707a90c,Smith and Sons,6
342feda6-43f5-48e1-a9c4-348c546a78b3,"Long, Hall and Kelly",3
8fe6bdf5-f8bc-496e-9bad-8ea520b70f10,"Gray, Rivera and Hebert",6
8ce5a568-6cac-4b06-b603-03d2aa327fbf,Ali-Ortiz,3
821336a2-9670-4199-897f-25e46d8ec53d,Reid-Miller,0
e91b3f81-a51d-497d-aab8-4237f7d79b97,Todd-Smith,6
e8b9684b-b324-4ede-abda-ff289a26170d,Olson-Hall,5
6536feda-8d9c-4841-b9df-fc7484140b1f,"Bradford, Olson and Harmon",2
59cc8fec-a21c-446c-8f68-8ea5edc4b2c5,Williams PLC,4
b829a5e6-abf4-4ae7-8a0e-54cb9b6b3e1a,Dunn and Sons,3
4fdb0218-9ae2-4c29-9324-8fb5d2bfee2e,Michael-Reed,5
d93f9a24-d19e-4196-b17a-492a3d8320e9,"Brown, Hunt and Gonzalez",7
a335ea06-978a-432b-a19e-963bbc5dbf40,"Hill, Johnson and Lee",3
9ec6b6ba-ece3-4efc-a675-80580edda496,"Pearson, Dennis and Gonzalez",3
2675f860-4300-4ce5-b569-a915a3660ed8,Dawson PLC,6
0f51f293-a629-43b6-9b88-296c4266ef72,Brown Group,5
3b035d54-27c9-4558-9313-60873a9752ad,Dawson-Finley,2
ed70e53b-08e8-47f7-b6bf-48c554c5d114,Hunter-Rich,0
cf6aef04-2f94-477d-a420-133f4cd16b82,"Weber, Schmidt and Hartman",6
41e62dce-7bf0-4046-8779-33be045a589d,Mendoza Ltd,2
72d15233-28b7-479a-9876-e9987d041bba,Bennett and Sons,7
e1756f76-c697-445a-b320-96c0d3ed5734,Meadows and Sons,4
2073efb9-f85e-4ce5-9a98-f095dc9f71cd,Russell Group,3
088b7edd-04fb-42a0-b2b5-93ca66dffccc,Harris LLC,7
7f4b5738-2e56-49d4-9520-fe584de92e0a,"Frye, Alvarez and Kelly",4
72d4f261-477a-4ab6-864c-b35dd2b67ba5,Morales-Butler,2
aee51ea7-a089-47e0-b751-b5b902bc5958,Sparks Ltd,2
c5d574dc-5bb1-45b3-a768-952ba9208e40,Mendez-Preston,3
02c573a4-770f-4fcc-8a6e-82e6dd8a49a3,"Rubio, Lawrence and Nguyen",6
4abbd239-9565-447a-9ab1-4830efb8e231,"Mitchell, Torres and Smith",4
6b29954e-0dd2-4c75-80f7-d7010d8276a3,Mcguire Group,5
da8c479d-e2d8-419b-95be-47e1ddba90e6,"Ho, Walters and Smith",6
320ce57c-2147-4d50-8ec0-baed86355852,Smith PLC,7
6761b7e8-bd5b-45e2-bfb8-7bd992e723bb,Evans-Hayes,1
477c5faf-0687-4b1e-bb76-a3dcaff45bcf,"Brewer, Brock and Hansen",4
599755ca-377c-4b8a-9d14-6ffb02df0b38,Park Ltd,6
65c16b2d-04ab-4a57-9645-ac6e7c533e8b,Henderson LLC,9
87e35e22-c5ff-49ec-b4ea-54c76b8acb2d,Sanchez and Sons,3
23aff368-7d1d-4345-bb9a-5a9df1b82a13,Rodriguez-Wilson,6
cef29381-bbcf-473f-a9b8-b58a786d7222,"Spencer, Singleton and Brown",2
dff27445-3ad2-4ca5-92dd-f7c4cffd16e6,"Savage, Hines and Morris",5
074b4c58-e56d-4a3c-8208-dacccd36b753,Rose-Kerr,0
2c173de1-eb1b-405e-ab46-633fc4d192ec,Petersen PLC,7
8206a398-e045-4717-9552-3f3e36e2304b,Evans-Nunez,4
87dc410d-7059-414d-a737-06406a3835a9,Glenn LLC,5
b181f1ec-426e-43d2-b8ab-451df2c085f0,"Benitez, Morris and Parks",6
18125c43-ac3d-47f6-91aa-56de8222926f,Williams-Cook,2
14a28bf9-9bbf-4e4b-b821-bbc69d128a0c,Ross Inc,5
5ee90c2b-043d-42c8-b965-34545ceeeb2e,"King, Anderson and White",2
c0994af1-2fcb-415e-9bac-fe9f11b59b74,Pierce-Daugherty,6
6dc4c848-d6d6-4aef-ad19-eebcefb550a3,Conley-Caldwell,0
2b118f26-a392-482a-95b4-187961cca5f5,"Morrison, Bryant and Moore",5
00fed1e9-b059-4f30-8015-4f3bef06223b,Holmes PLC,7
74e67fe9-a7a9-45e3-be9a-25a54ed00789,Peters Ltd,2
224ceef2-0eaa-438a-addd-c3a66087c735,Hubbard and Sons,0
99095891-45ec-4966-81f6-dbf20774b157,Arias PLC,7
3976ed28-79f9-4728-bf42-4a35496d75c5,Murphy-Dean,1
1a9c283d-044e-4b28-ac78-9c9c000a22f3,"Garcia, Bridges and Castillo",1
4188a71e-7438-4ad7-bad9-55969492edca,"Phelps, Baker and Rodriguez",3
929d72a3-3b81-440f-b812-2a6756710020,"Sullivan, Rodriguez and Schneider",1
60807953-d4b3-4115-a8e2-2acf0f5bc371,Trujillo Ltd,3
2c6eec1e-3b44-4a12-9db8-bc2ed143a890,Hill LLC,5
517ff774-b4d2-4553-b18d-caf1305f5c52,"Roberts, Moore and Yoder",1
ce4c3396-771d-43c1-8a69-ac817d2e47ac,"Brown, Hunt and Buck",2
ad4b0820-89ae-4cf5-b9d9-d8667d8b3c77,Gray-Smith,5
0eca934e-abfb-483c-bc75-33c027254559,"Maxwell, Jones and Dennis",1
7a927eb9-2955-4bdf-be64-2193eb6ae961,Watkins-Burke,8
cc3c1320-2fce-4177-91ee-dd97bcbceeb9,Clay LLC,2
dac7b749-3cf2-49e4-989d-0fe765a307c2,"Roberts, Shields and Poole",0
6e153901-3c26-44a7-ac05-42f910087676,Weaver-Martinez,0
b3517318-1d6c-4623-9f34-1c5d031b7e81,Vasquez-Johnson,2
8744453e-c1df-4c4a-930d-5b7fc4867774,Lewis-Velez,1
499f9628-18c7-4184-867c-2538f9ca0c2a,Webb-Aguilar,5
e0fa4f3a-3e64-44d7-b4f1-27f3f880a0ab,"Townsend, Lopez and Cooper",5
1fdf8a74-462e-4c57-b2c0-6f788c0ff74b,Montes-Martin,1
cf663c8c-cd68-411f-8f9e-a8cc70066a40,"Robertson, Mckinney and Dawson",2
7a989285-d093-40c7-9358-272a0257688f,"Berg, Smith and Todd",6
38744277-f8c3-4026-9d3f-6cfa3f85416b,Henderson-Harris,2
91712f5a-3c5e-4afc-b11b-135c63a98f9f,"Hensley, Robinson and Dominguez",5
a117e688-335b-45fd-873c-4a9922e6bb4c,Butler LLC,2
db93ff7a-8eb0-4a7d-93d1-f030effa2fe0,Dixon-Ward,0
b54759f7-b5d0-40da-8646-b67c53b905dd,"Salinas, Jackson and Lee",4
be3b8b01-a522-461d-95e8-5ee35b27ee48,"Lynn, Jones and Neal",0
392970a3-70c7-4f22-aa42-a079d5f2563e,"Brooks, Smith and Hunter",1
f8cdd9b0-45f6-4fc2-8a8e-080810ac797f,"Flynn, Taylor and Brady",3
b010e25b-f4d3-4327-a646-63c42c1e1677,Martin-Clements,1
7bde48d8-eb0d-4626-aacc-62956d339d0c,"Baker, Reed and Shaffer",0
6c52d233-05be-4899-a6b8-62ac942d9a48,Black-Ellison,8
fcd74575-c5e7-4db3-b97b-aff5a3adb697,Winters-Williams,2
923103ed-99ca-4348-8c3f-b1fad75fcd3d,"Salinas, Moore and Reyes",2
b4ae6bf2-1393-4ccf-9206-88c1e385a9a4,"Singh, Irwin and Mccann",3
46153b2e-d08a-45d8-af7d-75d299e44db0,Johnson Group,3
2351f338-bed0-48dc-979c-d22cce47ddca,Watson-Patterson,5
f55451e2-432c-4d6a-8b8f-7235e0154f43,"White, Smith and Smith",2
c957a54e-c7ee-454a-97fa-9e024d0f227c,Owens-Franklin,4
04fcd66c-a214-4dbc-be58-70ba02b24564,Mcgrath LLC,5
6e255179-ae5c-486f-9cb7-ffae262aabbc,Cunningham-Sullivan,3
660e1a7a-d178-4a42-9253-04ba7007cdbe,"Reyes, Chavez and Neal",3
e15189a8-3f06-4d80-b1c1-e4655fb658a2,Castro-Chen,5
06017c56-b6e1-49af-b3f7-db80c65bf08f,"Young, Reyes and Cunningham",1
e49965ca-e13c-492e-859d-f5af9ad251b6,Miller-Miller,4
986c9942-5a24-4468-9b6d-39136f641585,Dean PLC,6
2074d88a-17dc-4778-9cc8-ca931f9892ca,Barrett-Lambert,2
6db9fb59-5a83-4807-9981-290cff555abe,"Bennett, Petersen and Livingston",0
ff7378b6-f179-42f5-813d-0205feb81dbe,King Ltd,4
977c833d-3c44-4299-901b-c9f6bf4041a6,Guerra-Hale,6
3d12d385-42d1-4f15-bfe1-7cde1efcf448,Meyer PLC,5
709cfacc-826f-48fa-92f1-b23469529223,Griffin PLC,4
86efa2c5-c4b5-4c63-b48c-bcd30d98a04e,Juarez-Velasquez,3
e1fd4265-e44c-4724-8c02-e1eae1332db9,Pope PLC,5
b423822f-9976-411e-a695-55ca15efb59e,Palmer-Vega,1
38f0867b-bba4-4985-88d7-159d4a29c147,"Lopez, Drake and Blackwell",3
bc4cdc68-8dda-4260-8ca8-7f33572ecc3f,Bean Inc,4
3a25bc7c-b082-4487-aac5-de90028aeb8b,Watson-Campbell,3
6f7f67d9-480f-4ff2-b81e-399bb30e79a1,Fox and Sons,0
1f41ca07-e7f4-47a3-a756-54fe96d1986d,Porter Inc,8
57a37a4b-e3c1-4096-af7c-c471c6f4f789,Howard-Harris,5
4b1a5925-3730-4893-85a5-8013e4f70fd7,Lane Inc,0
f9719a4b-36e6-4b14-896e-bf8d18219aa5,Chan Inc,3
732d98f9-d94b-4052-848e-225a12a3f8d4,"Lawrence, Costa and Rodriguez",1
f1a57418-9277-4548-9310-412ff0e5b547,Allen Group,6
1d5bda09-ceac-4242-b6fc-88f2ce66d6cf,"Morrison, Lewis and Walker",5
6a3e350c-072a-4a71-afc6-d2e1ac4cf034,Richards and Sons,0
76f29e32-c9a4-456b-9f54-19a5f428c780,"Stevens, Salazar and Elliott",3
3efae63e-acae-452f-850d-4ae6c1946552,Campbell-Hancock,0
e4bb55af-cbb8-41a9-b443-a65a8d94b031,Marks Inc,5
a6145463-93d1-40f3-bbab-6291edd54f38,Horn-Meyer,0
115aaa74-0b77-4481-9704-bbcd65f29d0b,Sheppard-Jackson,0
8020a455-c1eb-4fd3-ab11-5f03df5056c0,Strong-Reid,0
7a9d372d-7076-4d16-95ab-a140e1720402,Castaneda-Williams,9
b9e6955a-cb92-4f67-b97d-8e0ab2a21ed3,"Harris, Booth and Singleton",7
55ec882e-8d73-42c8-8dc4-5f38c249d027,"Combs, Burns and Jackson",4
bfadbe2d-b928-4fd7-813a-ecaa9618ed28,"Wheeler, Prince and Sullivan",8
e2acabc1-ffdf-4aea-8b73-9320e182b4f6,Smith Ltd,3
d5432733-fea6-4fa6-9c3d-d2b21234389f,Daniel-Owens,2
fc34d80a-fbd1-4af3-8d13-c9cb73aae0c2,Miller-Chen,3
404bcd71-b26e-49ce-b895-0718b2701daa,"Garcia, Sims and Cohen",3
0d1ed0c9-d771-4d06-aea4-90af43312c64,"Thompson, Meza and Wright",5
2091a1fe-d545-4d30-adb1-323efd955958,Martinez-Hayes,5
b67cba0f-b192-4882-b91f-f558f6d69a88,"Williams, Johnson and Martin",9
238c8391-488c-4b4d-8e28-b15bd99c8ffd,Carter Ltd,6
16903437-1234-4ef2-8ff4-aa69a2793dc0,Rodgers-Davis,8
e4ed26de-8300-4a76-b836-a033f99e995a,"Harper, Whitaker and Reed",2
801c79a0-a42e-4b06-ab2d-d6ca3cbeb2cd,Cruz LLC,3
e778639b-7474-4c25-bda9-abc108e9b82a,Bowman-Wright,2
7577bfd5-d055-4718-a85f-997485ea941f,"Morgan, Meyer and Williams",1
978d1b75-f075-4f0a-9043-3a6a087bbcc2,Thomas-Parker,4
fa4cdc84-ef0a-46c2-bcb2-89697915f1b5,Solomon Group,5
948bd8cc-0c87-47b9-848f-853e357f1b6c,Glass Inc,0
d864274f-9aeb-4444-988f-ddf34b443244,Robles-Warren,1
27cfddfe-2773-4a0a-b5c6-47c897919ba8,"Watson, Hernandez and Mckenzie",2
b1fefe52-bebe-44e5-a1af-20989f6036f3,Skinner-Carter,7
fb63387c-1d89-4820-8f9f-7eef4194753e,"Morris, Marsh and Brooks",7
8e59d609-6104-48c1-9ee0-8663cd999927,Greene-Jimenez,5
e78c598d-80a0-4bcc-8f3e-b6efadec6238,Salazar and Sons,8
70a03597-57a8-4f34-a351-b2f409bb310a,King-Morgan,1
f735699a-0735-4aa4-a6cb-560685bb800c,Foster and Sons,6
2ad5948d-f96d-4c06-8b1c-3b01160e6629,"Peterson, Hunt and Nelson",0
310d8190-729a-4993-a845-ea15b3785acf,Lawson-Hernandez,6
3843ed8e-a941-4ed6-92be-8bf9dc247943,"Mays, Steele and Stevenson",5
32c61a33-8c3b-419b-840c-e1cb0c804fa8,Roberts Group,5
13f6fac4-2a82-4be7-804f-34817424c841,Swanson and Sons,2
ed19c950-19cc-4540-9f5c-adca088efd85,"Lester, Tate and Perez",2
2933f9f5-659b-485b-b3b1-a84b8ba0d84e,"Oliver, Lewis and Flores",9
f2df6732-9db1-4896-a843-9886fac3f109,Hammond Group,4
707fea23-f508-4c30-a09f-b44ca408380d,Mendoza-Phillips,6
b757aa29-9d57-40b8-b121-635276d45f8a,Jones PLC,3
7ea21d30-70b3-4437-bc5a-46f44faa499b,Stephens-Thomas,6
ad8d3d06-0927-4e41-9917-e9ac31739b62,"Haney, Perez and Mahoney",1
d64c79bd-abd3-4432-a8f3-d2ebcb4b99f5,"Beard, Ray and Page",4
b6232aed-587b-4ce2-a9c9-416f425c1045,"Mcdonald, Silva and Kelly",1
d5b566c8-b1f9-4b66-973f-e01b16f47605,Medina-Cooper,6
d5d3fb10-823b-45c5-bd68-4486dcba912b,Craig Ltd,3
1b6272f3-f79d-47be-97d3-8e13236d6c5b,"Hansen, Young and Cannon",0
9c0ebacb-bce7-48fc-bdd8-3e2761493a58,"Smith, Williams and Gates",0
ffe6c5be-f201-471b-9757-261acc1e6dbf,"Russell, Patton and Grant",2
9b970757-ad78-402f-b722-b603dfcdb26b,"James, Shah and Ray",6
2b73853f-d690-452e-83c0-a0a39d3d6567,"Lewis, Harris and Miller",0
dfcdf57d-5ce3-4633-8f31-287d5d717ce5,"Gomez, Cruz and Nicholson",3
f4998642-434e-4ecf-b088-a2bf2f8ae2c0,Miller Inc,2
891afa71-5fab-4a75-9cba-aea390d42cef,Moreno Group,0
fb015c10-4b05-4169-aeaa-182c024d24b7,Lopez-Weeks,0
edb97bd4-fcb9-437d-ac58-c9134bb9900d,Watson-Pitts,6
42052ac0-4888-4612-a6fc-e4c7cdec2a38,Carson Ltd,1
ec1fcbe4-14ee-42b5-b584-aa203457a374,"Thomas, Sherman and Wolfe",5
29f7f06a-3dea-4771-a144-82c29e799561,Steele-Jordan,8
e6bbef93-ecf8-42b4-8444-6b94cc6346c5,"Gray, Paul and Dixon",5
6d4cdbc0-7b13-49db-9360-5b795a57d03f,Foster PLC,4
7879de8a-2d40-4e18-9d6d-2a2a58aa57a7,Gillespie LLC,6
bbfd173e-cf00-4130-9ac0-d1563559d592,Coleman Group,4
64b39869-2c08-4f47-8dfb-5cbdd3f21d84,Fitzgerald Group,0
ce55369e-a698-45a9-8659-4715033785ca,"Bauer, Raymond and Weber",3
7371a2d4-f0cf-450b-9c86-882f67062682,"Baker, Leonard and Brown",1
618573c3-a9fe-4d19-a98c-a02c860d15da,"Howard, Luna and Ford",4
067efc42-d25d-4aed-b157-27c0d7c95f4c,Smith Group,0
ccc87474-2c34-435d-87c3-a4d395640f41,Reese Group,6
b62bf0a9-bd05-4f8a-a282-8c07843f62cc,"Wilson, Nguyen and Wright",4
dc100391-fba1-41cc-bca9-505dbd70a8e6,"Moore, Ortiz and Rodriguez",4
324bbbe7-01d0-44d0-bb12-461b5bdc6417,Mcclure-Taylor,7
1047239d-e898-4ce6-ba1e-770eb6174ba3,Lewis-Gomez,9
4df89ee0-c7bb-4779-b7ae-bb730ad89ff9,Nelson-Marquez,4
efd4d600-2c8e-4814-bf46-61e8e0f27685,"George, Hanson and Barry",5
fa1d2345-8440-4ec8-b572-53ee0cd5190b,Haynes-Roberts,6
9fe4e383-12a7-459a-83e0-cd2a4d24ab90,"Marshall, Hart and West",1
22bd7ace-9722-4e45-ac3f-12d3ccffa4ae,"Dennis, Simpson and Banks",5
a17e66b2-4ba7-40cc-877f-7f57df78a5e8,"Henderson, Perez and Le",1
e8540c4a-a68e-4c26-a69c-94cbe41c01f7,Collier Inc,7
20aea193-9f63-4bbe-a9b0-69fe412e3513,"Barry, Heath and Williams",3
499fe4a3-3a4b-4d3c-a801-42a73c8d7d17,"Smith, Pearson and Gutierrez",3
19635e9c-6a0f-4bce-a5fd-72554b4dba03,Lloyd Inc,2
6754e415-29ee-430e-987d-6cc2c19e2211,Washington-Horne,5
3730a27e-51da-4958-bdbe-a779f565de51,"Fernandez, White and Rose",7
2f3f6f37-13eb-42c4-8288-83cbff2e8ac3,"Jones, Olsen and Clark",3
bd8db802-35a9-4451-a7a6-ff2e716d47a5,Wells-Cox,4
edc9c1d7-d5bc-4a56-89e7-0e627d0a2476,Dunlap-Williams,2
2887206b-a86c-451c-953c-e295da68b730,"Hill, Valenzuela and Richardson",1
bc5d6b3e-c544-434c-b8dc-c82b343f4496,Miller-Robinson,2
c0de10c2-8cf7-43d6-95e2-5007535690cd,"Kline, Scott and Solomon",1
c05ececd-f905-4542-a466-8f882bc9f3f7,"Rice, Rose and Woods",0
5bd038cc-a3b6-40cb-af69-4e104b68ecc9,Levine Inc,2
02c3e314-8be8-4699-a79f-b0397e061603,Gibson-Smith,2
441150c6-8bc1-4cff-af10-be52abcff649,Jarvis-Smith,6
aaa64711-8f5a-4b5c-a70f-bf9f305599d6,Harvey Inc,0
7fa32b8e-8454-40d9-9c62-8a9d5c4c97fc,Rodgers and Sons,4
d8ed2401-dea0-4b98-8e57-c341d4ae54b0,Anderson-Sharp,8
cbab3ada-da79-4322-bfe2-92747c19f4e1,Mclean-Underwood,2
4df6cce2-7fb2-46e9-a25e-aff8c4aad9a3,Greene-Smith,2
c60cfd7d-2621-4b2d-a63c-c219bb40c479,"Harris, Coleman and Rosales",8
417ae467-965a-4249-a34e-a54c3ef619bd,"Brewer, Armstrong and Henderson",1
5083bda2-f85e-4e8e-b6c9-04d305485790,Harrison Ltd,5
5011773b-6cb6-4c8d-babc-6448cb8de275,"Pacheco, Odonnell and Scott",6
eb8b0aea-99f0-4dc0-b758-462557a03b92,Collier Group,8
7c4d00e2-ea7c-443a-95cb-8913d9c978d9,Robbins and Sons,3
5f607208-45a2-4fdc-a371-575ed6ad1753,"Parker, Anderson and Hunt",5
ff348fa8-335c-43f1-83fe-f76d8c670c53,"Crosby, Jacobs and Anderson",5
fc367e20-7410-4ad1-bb74-6475c865667a,Martin-Preston,5
22af7e72-7083-426a-a415-be10d6d72e0a,Taylor-Robles,4
aba39f4b-7ded-4c07-969f-3b215fa6297e,"Johnson, Miller and Wiggins",3
bda74fa1-e760-4b42-a8e4-ac07eca41429,Delgado and Sons,0
d42194a0-f037-4b2b-b504-cafa464cf634,"Ramirez, Singh and Peterson",0
6ad9c24d-448b-44f3-bc14-95c081a2ac4a,Tucker-Padilla,3
ee8e70b5-3e3b-4939-b0bc-67828454026e,Davis PLC,7
312d2f9f-a458-4b74-8a61-03bfdc75d708,"Smith, Trujillo and Owens",3
722b2917-02c0-40dd-a391-cfa1e47dd491,"Rivera, Rocha and Clark",4
b2c21244-e1cb-4a64-9551-5f9e1c5b5326,"Vargas, Pope and Owens",3
481cd3e6-db78-4fbb-bc54-c9fc9a3f3b64,"Brown, Lewis and Garza",4
71b09c9c-8671-4a87-bf0c-1aeab8bcd3a7,Chavez-Figueroa,9
ce440c13-6145-4264-bd4b-ed063ba34d2e,Richardson Group,6
3befda54-c643-4367-973e-c343ec406ba8,Collins PLC,1
4d360e29-6266-42ae-bd20-393cb41f5ab4,Fernandez PLC,1
18f7124d-4a2a-4000-8baf-25b86072f869,Hensley LLC,6
f9a90f55-95d1-4838-a3ca-6bd1a87861d2,"Randall, Adams and Chen",4
3cbb8a52-1caa-4557-a759-2636dc76c330,"Crane, Smith and Dunn",2
d0d8d6eb-f1b2-48f5-9334-8de1469c609d,Bradley-Martinez,5
a40ad3d0-8fc0-417a-a2b9-630a9289b94b,Walker-Cameron,7
1fabdf78-c2af-4c1f-81e2-ddecdb12725a,"Mcdaniel, Mitchell and Keller",1
9a67b05d-c390-4f6d-9e1c-967640967d3a,Horn Inc,6
3bdc80bc-e797-401a-8cad-8b5bf046a78f,"Blackwell, Potts and Berry",2
281678a3-ab70-4938-b109-717f5f36f7bd,Miller-Diaz,6
cf153d62-e882-44e9-8b17-66e984b3bb56,Green-Whitaker,1
d9e5ca9f-748d-48e4-b5eb-4fb4b14f5b10,Yang-Walsh,8
dc8a13d1-c4ce-4b7a-9702-ba1e84f7baf4,Crawford-Sosa,5
4c16bf2a-d936-474c-93ed-ab2b19eb1e18,Cunningham-Richardson,5
61d5a4af-df7d-470d-b664-23cf557bed5d,Black-Leonard,2
9488fe33-782a-4396-a229-94f74ce1e041,Bowen and Sons,3
776f4f0d-2083-4e2c-a01c-0cfcd49647ae,"Horn, Daniel and Jones",5
2e26a40a-3fbc-45c5-9308-a234455f4137,"Navarro, Green and Brown",1
d747793f-50f4-4972-8275-a57a459b2757,Johnson PLC,1
1c952836-a947-4820-b06a-34110a8d6ea1,"Clark, Davis and Ferguson",2
51daa3dd-c79c-443e-ad44-b41de77b2429,Jones-Schmidt,7
bb8d2125-9215-44ef-95a2-512f6262eb30,"Reed, Williams and Pierce",5
1a75af74-9c31-47ca-90ad-7f3656e9ab0b,Mendez and Sons,3
7acf0862-cf49-4298-ab50-d1828e81fc9d,Simmons-Lambert,9
188fe063-953e-482c-86c1-719a23b1e665,Terry-Hanson,2
8a1619c7-cac0-4c78-8021-f173afc5df9d,Weber PLC,4
6eddf54a-3db8-4d8c-b2ff-a0302666029f,Hall Inc,2
70f16f46-b640-4899-a8a0-0657f6cca3e0,"Moore, Jefferson and Butler",2
194688a3-4262-439e-9631-d68c9923bd24,Wilson-Johnson,6
841dcad6-f440-42ff-8261-8d75afb54732,Whitaker LLC,0
db988340-d729-473c-8096-d749f1905963,Lam-Newton,4
f0f5d027-56e7-4583-b7f6-2232c2ff75c9,"Romero, Glenn and Craig",5
a795c5ec-a06b-491e-9e65-0788b87f9ab1,Solomon-Garcia,3
1b8d7459-7128-4cdb-88a2-8d3120240b44,Smith-Rasmussen,0
527d0f74-7c1a-4fcb-af57-3965a560bdd6,Knapp-Stanley,3
3625ce35-0376-4290-8008-2751a4100d2e,"Rhodes, Jenkins and Cardenas",6
46579863-6135-4cbc-858f-6a11ff08fa91,Lopez-Chung,3
178d570a-2ccf-4dea-9b07-849ec31f4c10,"Guzman, Holland and Hansen",0
c4298378-03af-4832-930b-ceed379ac9c3,"Parker, Clark and Chapman",9
e922503c-3b77-4e1c-9c24-27a4be02362c,Parker and Sons,1
8434ec1f-2b26-4686-8cd9-8cec6c12254a,Perez Inc,7
e62ae679-397d-48af-a3f0-d93b43894387,"Freeman, Odonnell and Berg",1
4b4e788f-cdc7-4cfc-a540-7ac8fe195437,"Farley, Nelson and Perez",3
85dcdea4-1ccf-47f6-9a4a-759db8bf0ce0,Case Ltd,5
7f978198-8282-421a-8b77-6efbfdd489f1,Cooke-Hobbs,3
46c17527-6ace-4c0a-b261-3a7396cd1e6c,Sandoval Group,6
5dc1423b-f02e-4e75-8a83-fc8a918fe27d,Young Ltd,4
132876dd-aaf0-4c23-ab8d-8d465383566c,Castillo and Sons,9
7314a1cf-0201-4d37-8d12-eea13ecd723c,Fisher PLC,0
14ef386d-7cf2-4112-b498-c26d14ab2da9,Alexander Ltd,1
5517ae6c-831c-44f4-a7af-a4d92932287f,"Shelton, Holt and Robinson",4
9b036743-3b19-4043-9089-b68ecada26aa,"Hart, Price and Hale",2
cfb6636b-84f7-4fe7-b308-3f8bfcd63ca9,Davis and Sons,3
6d1aa73c-8510-4ca0-9cc1-1238efed23f9,"Zimmerman, Tucker and Bryan",1
5b07cd5e-4b8c-4256-960e-f9c7b564bcb9,"Martinez, Pierce and Roberts",5
30df3dd8-8986-44aa-82a9-54ffad612960,Bonilla LLC,3
5071220c-5f55-4fce-bda5-48d40835faac,Farmer-Mcdaniel,2
fb525b06-d46c-4287-bfb1-47e11e945dac,Lara-Adams,1
da84fbe9-6625-471e-9f27-7bbdf804c979,"Mack, Cobb and Bond",6
fb27f136-c5ae-43e2-a410-28426db96832,Woodard-Sanchez,1
28002f70-9bc2-4ecc-bda4-dd2b38809336,King-Reeves,5
7e130292-e461-4757-91fc-d746cd77f5d9,"Clark, Mora and Marks",3
a029f614-512d-4c46-a4e0-badb34d89b31,Valentine-Davis,1
4c256f77-e4bb-4de2-bc9d-10911659963b,Smith-Robinson,0
192d1753-9a5f-4f49-a23a-a64bae655ed5,Schwartz-Weber,4
37aaa2d2-1223-4ba1-8587-f350df2e65f3,Fowler-Hull,0
6dce1a8c-b8d0-44ed-bb53-3ec399403bf6,"Crawford, Larson and Fitzgerald",1
d31e3cb9-d6b9-4887-99d3-1c598e14b382,Greene Ltd,3
3c95251c-d1ff-43c2-a55f-71cb76b0e7c7,Barnes PLC,3
a45c3627-1ff8-4963-ad44-4f299fbfa81d,Armstrong Inc,6
6ccedc81-b758-4f8f-96e8-be37bd56e059,"Heath, Carroll and Rice",3
adbc5bf4-f67b-4627-be01-b39460018b24,Hudson Ltd,6
b910c2ff-ab4e-40c9-9746-8156171d0d35,"Miller, Keith and Ramsey",2
5c50ea34-5d3d-45d3-8864-82b4ecb762b7,"Smith, Sanchez and Smith",3
e421dc4e-f2ba-4839-b6d2-51c3deb84232,"Lambert, Taylor and Kelly",4
71e5a8ba-fbcb-4fa1-bdb3-616214165129,Johnson-Lam,5
f03947e0-0c60-47ca-90b1-e3da5345539a,"Walter, Kim and Rodriguez",4
b930c428-b7e4-4aef-b49b-fc8d5da0fd40,Bonilla-Howard,5
ced6d83d-4686-47aa-bb3e-a42c69d8924b,Burton-Henry,4
82ee4b77-1614-479a-895b-a31fef89e7a8,Armstrong LLC,0
0625e4ba-3fa5-42ff-9e78-2e6d09aa0391,"Zimmerman, Chan and Nelson",6
e5badcfd-5bbf-418d-8b99-47b855ba97f0,"Vasquez, Gray and Hanna",0
ae18cb9c-1b88-4719-901a-b161046f6a01,Lee-Golden,6
08ae826a-f9c1-4b49-906d-bdba6aea83e8,"Merritt, Thompson and Paul",2
7fee5733-8780-4285-97b4-0ed9ad03c5e9,Owens LLC,2
ef52d628-c661-4bc5-a917-74cff459bdda,Weaver Group,4
9e92081b-4b32-422e-a524-648619ce3b80,Jones-Lane,0
b69a7c9f-8d03-47a4-adef-daabb7098f6d,"Martinez, Hernandez and Juarez",0
d37c3d52-721a-4009-b41f-9949bf64dc94,Rojas Inc,6
2541a742-210c-4d73-8c1b-2719c3f9b05e,"Waller, Thompson and Boyd",1
22a7222b-ebe6-4890-970c-0db386c60071,Martin and Sons,4
cc2789f1-2d7c-455b-a553-9d689cfee05f,Browning Inc,5
9f0a6bd9-69f1-4d13-93d0-d55eb0859c14,"Morris, Tucker and Ortega",6
70f5133c-8099-4282-98fa-63a98952be80,"Williams, Brooks and Hernandez",4
e6ac0f45-543f-4f2f-88d3-12e72fb03503,Black Group,2
86af167b-dd14-4428-bd52-974e75365073,Meadows Inc,4
002da234-fe13-4f7d-86b5-738ecf04abc5,Mendoza-Johnson,6
7941cced-05ff-4961-8d8e-9807d59c8210,Williams-Miller,5
d8087f67-ef62-4814-95c4-43cf96ad5da3,Nguyen Inc,6
fe5e8a8b-2efa-4ee6-9cd1-6ed0ef33261b,Diaz LLC,0
ef3025f8-5d81-4a5a-9f64-07834f6f4944,Fernandez-Roberts,6
d615e651-6885-4c68-b032-849324940369,"Clayton, Chambers and Flores",0
274902ee-eea1-46a5-b897-37fab6ef9310,Sutton-Buckley,4
5a61ceac-4f7d-41f8-ada5-f75c8abda206,"Ramirez, Cortez and Thompson",6
5b67b0e6-bb43-4555-a20e-8c324d1151ad,Clark Group,4
3de0c66a-7246-4399-bbae-08809ceaecb0,"Velasquez, Brown and Lopez",3
ec252437-92bd-44dc-bd02-ab9177d7c603,Rodriguez Inc,8
1fa3d8d0-404a-4bfc-8371-29ff5b0f7eae,Dean Group,6
2fdade9d-719a-4a89-a70e-951fb3d9c986,"Rivera, King and Martinez",6
c37fdc53-c2ff-486f-8e8b-ea7955556925,"Olson, Hernandez and Ray",4
2cb90958-0b5c-4c27-b0a6-0da0f10e267e,"Mcmillan, Mendez and Davis",2
cac1b0bd-0dd5-4c4c-b409-cfa969886b06,Owens-Buckley,5
5fe04fef-d394-4879-a601-bb94e9b7caa0,Lopez-Buchanan,5
8730422b-b2ac-42ae-8483-e3da4613bc93,Garcia-Dean,2
0eb45d22-6978-446b-a943-092b7cf904d9,"Boone, Mcdonald and Moore",4
d95f3c73-37fb-4257-8038-a8ac1491cd05,Flynn-Smith,0
cfeaddb9-a8aa-4d33-9f3c-dc0131bc189f,Stanton PLC,5
4ddcbba2-6c2e-40cf-9a3f-d51f4934f4c2,"Stephens, Moore and Marsh",5
aa12bf0d-d2a5-43a7-b04c-42a078af92ad,Acosta-Ford,8
973533dd-a623-49c0-9b04-7b07092560e9,Mitchell LLC,3
62c41466-3070-4757-ad6c-26b5d6919b4e,"Johnson, Wall and Hancock",4
6d85d67b-32b2-43ee-adae-3c36d417d028,Brown and Sons,9
3767141d-acb1-40fd-868a-cf3b0da6f15f,Wagner-Reynolds,6
725350a0-1af1-46c5-a2b5-70456b034d7f,Smith-Esparza,3
914bfaea-df78-4679-b666-d77f1c29c32a,"Swanson, Vasquez and Crawford",6
05aacf2a-e758-4dee-bcdb-8202221cb236,"Thomas, Mitchell and Fry",4
6c2f5dc5-2f1e-46d4-92f9-7cefc90acf59,"Nolan, Brown and Brown",6
337a8114-48c6-4064-9522-022ad7158852,Miller-Brooks,2
23a86625-ec1c-4ab7-8610-b5633584cd0f,Pratt Inc,6
5368f3ef-63c1-44af-8c8b-c1482d9fd5c8,Gallegos-Andrade,9
73ebde93-e29f-4abb-83db-ffe32a1eac06,Fuller-Sandoval,4
b26ea039-19b4-4fad-8957-1bec0a274ff4,"Martinez, Mullins and Moore",3
c6bc3afc-9e78-471a-bfa6-82a64a0780ff,Wagner Group,6
e0df7f4d-0b73-4cd6-96bc-c13e85a7eb4d,James Inc,5
e02644e8-29f4-41da-aab6-e1229d54625e,Vasquez-Petty,7
9a611f69-7456-410f-9c28-8cbaea046037,Taylor-Hill,2
301e1a0b-189e-4db5-bbbf-7b5e5d95d901,Jones-Rodriguez,3
cba6cd41-80ac-4119-8f01-8894c9e35f55,"Houston, Hall and Hunter",5
b1ff4f40-3b3e-4443-b92f-1189e66afcbe,Fields Group,3
a7fb71f8-9e11-419f-9fe7-8e594c34aef3,"Tyler, Mercado and Boyle",4
8c645a12-485a-454c-932d-ce9a5266c904,"Palmer, Howard and Collins",0
07f56403-9345-4d80-acc9-7ce4cbcd0a90,Smith-Parsons,3
78e84f57-cd40-4b7e-b4d4-d802dd89a91f,Wright Ltd,4
801fccac-d378-407c-a58d-6735c30e2b58,"Gillespie, Scott and Williamson",4
71fc8983-5983-4b01-8bd1-9f2fc33febb3,Rogers-Duffy,1
773990a0-2801-49c4-9a56-45b478f74045,"Harris, Manning and Tyler",2
0fda4971-28ab-478c-a949-e76c98ec5e34,Strickland-Hart,2
c032b7bb-f5cb-4dc1-b9ea-edb1b299b0a4,"Brown, Wilson and Spencer",4
f4fbcf6a-a7c9-449a-92e9-753a20d880ea,"Woodward, Lewis and Pugh",4
3a681403-7f02-47ab-af8d-a1d42b8a521b,"Johnson, Contreras and Payne",2
88eaff90-e56f-4685-b0d9-1d98b9cdcedc,Barajas Group,1
ba217555-bc46-4ea1-948a-7d6830bcd97f,Tucker-Adams,2
5acfe258-f734-4c97-bbd5-737e9ad56060,Kim Inc,1
a48e437c-81ee-489d-8587-4078c965a29d,Brown-Cline,0
0a872478-29fd-45dc-a982-96fd409c57d9,Allen-Wilkinson,6
28ee1c5f-71ae-45ca-bf41-479568a5df14,Mueller-Garcia,7
ed612f87-e99a-44bb-a5c4-e7b3d2d99910,Leonard Inc,9
f2263184-9cef-4431-a27e-cc8b4288368a,Chandler-Hughes,6
33677e20-ee50-41e1-9195-1a7753b8d31a,"Hines, Sanchez and Aguilar",4
885b9d99-f5ef-458f-98f6-e734c2479fed,"Reyes, Boyd and Murray",1
37e37679-0770-44cf-8757-3c1c5a163f45,Jacobs and Sons,9
f27ef234-15c8-4d23-a2a7-1055c9796609,"Levy, Bullock and Harris",3
faa102e5-45b7-4fb3-b802-5665cf86b52e,"Rhodes, Mays and Tucker",4
7d729370-a2c9-4259-9d0d-200594927754,Simpson-Burke,6
dcbe96cb-9baf-4056-99dc-1431c84f1fca,"Jackson, Carr and Meyers",4
bd71b3d9-9a39-4e93-8a33-50596dcf88fe,Taylor-Espinoza,1
6b12e5a1-dffa-45d8-825e-f1e18fa9a0b0,Clements-Massey,0
75ab6d02-07cb-479d-b522-6387d7c959ea,Shepherd-Holt,3
1c948e4d-87e8-4420-be9f-2b7975421a55,Byrd LLC,1
321850d1-f094-4ac0-acc7-8288916eef66,Frank and Sons,3
d35b0d60-b2c1-4eac-9a59-d3e88a76f69a,Hays-Morales,6
295549f8-c63a-4b2a-9fe3-13484f8f18e2,Garza Ltd,5
b161d472-1c42-416b-9402-ef1497cf4ba6,Wright Inc,3
87bdd90f-a611-4718-9a3c-d078ecd9a2cf,Green Inc,5
f24f09d7-d360-41e6-932f-e95769d02b8b,Jones Group,4
4422ac80-80d6-4afc-a8c9-efa81d5d8087,"Tapia, Hernandez and Cohen",9
45318d21-cc36-443c-8b75-3390b25f01e5,Nguyen and Sons,3
2ddd8622-79d6-4838-b749-48b30c875b7d,"Moreno, Scott and Thompson",3
11163ac6-029d-4f75-b487-5942657260c3,"Thompson, Fields and Harvey",2
a35af032-93c5-4d78-b2f0-db2888497012,"Bond, Jenkins and Smith",6
f81a4ffc-1521-44c3-846d-7d514ff8b30e,Bryant-Anderson,1
296dd6b5-e23d-45e9-871a-d8db2793bfe0,Lane LLC,2
bddfd129-ff11-427f-9db8-e11d75a3c815,"Martinez, Moran and Gonzalez",0
eaef228c-f3e0-417d-b6c6-080a69f97f5b,"Scott, Farrell and Allen",3
ce24c866-1dd6-4498-ab2a-071665e8a2e8,Pollard LLC,0
5d954f6a-2e3e-496c-8cf6-a69d70f85914,Walker Group,5
1e01471b-1c19-4d9b-9821-18918fd792a6,"Carter, Jackson and Wilkinson",3
f9f51a03-7654-4b88-b9e7-d6d6bb2318df,Hoffman and Sons,1
91f24f4f-5027-4aea-97ed-326c207b9699,Olson Ltd,3
22cb6a0e-9f84-49a5-8753-dc0d940384f1,"Williams, Clark and Manning",1
fb5ebffc-f18f-4079-8333-ef7f86868926,Neal-Davis,4
075cba15-68fd-4879-9793-73845b2926a9,Logan-Williams,4
37b18f32-099d-4c10-9a37-725454c9eaee,Thompson-Crosby,0
a6c0a0d5-c7bc-451e-aa75-7052672d1f5c,"Snyder, Cabrera and Boyd",7
3f603b99-f791-4c28-b973-7b346555927d,"Carter, Tran and Russell",9
46f6348f-cd8e-4e54-87ff-9a79c185e361,Price Inc,4
60588286-3c14-472b-b9d1-95be5765062a,"Klein, Harrington and Foster",6
fe41fb91-352e-4010-b4ff-6cfcdc6dc69d,Hicks Inc,6
f1e3e0d6-86a0-43c0-9bfd-dca42d8d6fed,Cook Inc,7
6ae977a5-65e7-4525-a1b7-993753539976,Maynard Group,6
4bba2be8-6246-4ef0-9852-dc02160b50b8,"Garcia, Wheeler and Mcdaniel",4
c827a86e-62a6-4a65-b0e7-456a05036d66,Mueller LLC,4
505d176f-3468-4f3b-937f-1d1aa349e7bf,Franklin-White,0
88b1eac5-c114-458f-8200-a63aba010c56,Hebert-Rivera,2
2539139f-331a-4064-b1c2-493cdbfe6101,Dominguez LLC,0
6f5a374a-5c10-4d27-a051-e9c76013d1ce,Best-Olsen,6
adcfa5b6-35df-4650-9e57-c8b225e42597,"Lee, Dickerson and Wilson",3
07234fb6-f930-4965-a6bd-3caeb63ef7c7,Campbell PLC,7
68e388ca-3ac9-4cac-8a37-88ca7466b13f,Welch Ltd,5
828d2efd-9b0b-4f9a-a559-7d18c7e7b182,Sullivan-White,0
2a32e488-2f49-43bf-b540-149f15a7445b,Lopez-Kelly,0
51797416-91d5-4337-aa5d-f1191655f09f,Fuller-Hansen,1
48d1431e-0161-4d45-8496-277f025b4aa7,Gray-Flores,7
d5ff0570-1ef5-4fab-a36d-fa5d7e112024,Santos and Sons,0
afa724e1-e662-4937-9bda-c9aa5c725959,Robles LLC,3
8b9b8490-19b1-4775-8ac5-c174c300fe4f,"Holland, Copeland and Patterson",6
a6b05473-5f40-42c9-bb7b-4c3960b5d3b9,Hines-Rodriguez,5
289df1b0-d166-41a8-a366-72c5dd483837,"Davidson, Mcknight and Brown",2
1d2f44db-9cb0-42ee-b858-0a27be7f6502,"Robinson, Davis and Cobb",5
9f9daeb5-62e7-4f0f-bd8d-ab1e2b46aad6,Doyle and Sons,2
697ef568-b0d8-4086-bcd6-168f187c7f42,"Oneill, Klein and Huerta",2
ca84e232-9a32-4ec7-8475-d2a03290c82c,Wu-Ball,2
1591d8d4-1317-41f1-a12a-0552963295e1,Gutierrez-Odonnell,0
919ba267-731c-44c7-8563-f289d824b9d9,"Robertson, Nielsen and Carey",5
1d9acc31-9b9e-4a16-bfc9-3f572bc00e8f,Stephens PLC,1
4a553be9-8d81-4fba-967a-2bca69e5346a,Bradley-Hernandez,3
96c94c22-8a9c-47cb-834c-dea4f6612626,Shaw LLC,2
c42075f4-fd18-42af-9386-54f3037e705e,Jones-Fowler,0
d75af5bc-0ef0-4437-bd24-990f292fad41,Gould-Gonzalez,5
9cc7f56b-c7c1-496b-a8e3-d0764858a06d,"Herman, Rojas and Edwards",4
e934cc6b-72e7-4661-b570-41f3bda043d9,Norris-Camacho,5
b057496a-cf45-47fe-8fba-58492fafd684,"Conrad, Briggs and Willis",2
398c6f5c-f011-4f39-be12-01055e7ff8e6,Rose LLC,5
8ecaba3c-2d1d-484f-8629-12b6e7ec8781,"Ferguson, Miller and Clements",0
85fa4730-52bd-4613-939d-734cf122cb54,"Galloway, Carroll and Brown",3
3ae35f29-0a99-474d-8739-e3d8a61a0cea,Berry Group,4
3d1f865d-199d-4124-b208-6d96c4128666,Brady-Carter,1
96d947b7-9832-4c3b-a638-4edea35d3523,"Stevens, Arnold and Weeks",5
3d9b915d-7dbc-46dd-99d9-42ae9a8173fc,Pierce-Jones,3
2dc31296-d577-48ff-80a8-0f73e46eaa28,Braun and Sons,0
ba100d54-4cb1-4470-9de9-d7dc53c6ba31,Livingston Group,3
f9f11d5a-4ae6-474b-b01e-55c04a3a3345,Manning PLC,0
cd7cb633-73a9-4630-b902-218f5b3c9902,"Cardenas, Johnson and Carter",0
56a6cd4e-6144-4bc2-a5cf-878282313007,Mullins-Herrera,0
7b19e428-c56c-40c7-b8bc-818cdc70478a,"Schultz, Wilson and Perez",1
763f2fa3-b9f3-44d7-9911-9e0297bdf1f9,"Turner, Taylor and Keith",6
38c2f59c-6815-4ec1-87fe-bcf5b4dc2540,"Smith, Jackson and Berry",5
5f89d3dd-dfdf-41e6-b7e5-93b029424ac4,Guerra Inc,4
7fdba794-afe2-4f66-bfc4-d52391c39ab7,"Russell, Arnold and Rivers",0
f4202f5c-3121-4fc7-8e0c-975590afcae1,Bailey and Sons,2
99f8addf-eee9-4082-8fa4-e057220e2749,Reid and Sons,1
185dc669-b1dd-4874-bc15-d02a2afcc1e3,"Wyatt, Holland and Snyder",3
6bc4ffbc-beeb-4dac-8685-56df109da125,Jones Ltd,1
0d674916-e6a2-46ed-8786-6800592ae5cf,Shaffer LLC,0
4e6465fc-5c85-40be-9384-06b34407dafe,Serrano-Grant,2
a94357dd-83d6-4ba1-b517-ecf04b839d11,Gregory-Gutierrez,3
d6b063e7-3c3c-4052-ad7e-3c3d243f9885,Henderson PLC,5
dc405b1d-4e1f-4f4e-9248-a7dbc6b5171a,Rodriguez-Werner,3
dcb90ad8-f76f-4f1b-aef1-4934d8511cf4,Gibson-Carrillo,6
3c63f433-43b6-4c6f-8502-39f97aa5401f,Grant Ltd,6
a092d697-814d-4372-b0e9-7858fb448ded,Taylor Ltd,5
54d037a0-c826-484d-a725-94ca5d22aa70,Cunningham LLC,1
73a1de71-7f63-476e-9344-04fcec3f8df8,Johnson LLC,7
d9d2fadd-206e-4b59-a9b5-e8cebbc88050,Guzman Inc,1
052dc1a4-4654-47e2-9720-1c10940710b8,"Curry, Larson and Cervantes",1
0f5ddd4c-e4a9-4c31-b429-22b6c67993e5,"Simmons, Bass and Pierce",2
60609d37-383b-4589-aebb-f1cca64393fe,Mccall-Frye,3
ac47750b-c41a-486f-8edd-41a697dad59b,Merritt PLC,5
a50bdbb2-1d7f-4460-9c49-b32d08ce4d63,Morris and Sons,1
5d7006b5-10bc-4eec-8fe1-2bb4662dcb2f,Cooper-Anderson,5
da0f6c5b-67eb-47bc-8aca-1e857f017653,Owens Inc,6
ebcd3b7b-362e-4ff3-89de-5a2f648cce74,Jennings Ltd,3
9fb9c429-5175-4be4-aa23-7e2e78f68b59,Leonard LLC,5
444f658f-14bc-4dea-ae3a-cd86c621d293,"Pruitt, Bautista and Nielsen",1
6bf1face-95fd-464f-bd48-8dd7e87e3cbe,Cain Group,1
b33779a1-b2b5-49cf-bec4-f87d5246c828,Phillips-Morales,4
a9437ca8-eacf-4034-b138-5e6b87eede2d,"Hess, Hanson and Watson",3
f2140723-dc84-4491-8dd1-76d3d6b5dba0,Keith-Rivera,4
f45eb176-61e4-4ba0-b0ec-800b0a08a79f,Silva PLC,6
57049a06-d704-4cf5-b5de-f5f932b76d20,Patel-Jennings,5
8d86ff9d-a83f-4678-b535-a1e74083032e,"Goodman, Bolton and Perez",1
f3ee818c-0c24-4010-bfd4-81f40aa308f7,Porter-Nelson,2
c7577e2a-9d65-4c6d-b478-438b65df3586,Patel Group,4
1150e8a2-f235-4f7f-acc9-1642bbd3b87c,Ellis LLC,2
8fdf258e-b8ff-4e9c-86bf-4f9cc549c416,"Fisher, Brown and Friedman",1
e5d83cc3-a80a-46e9-be03-404ce94c87d0,"Bailey, Morrison and Bean",0
92dcea79-6e6e-4862-8883-9db87c751b4a,Salas-Warner,1
40ddf11f-7d03-4670-830e-7239be864ff0,"Abbott, Davis and Ramirez",5
fbfd55dc-5cad-443b-a8e0-3c83bc0b6c43,Lyons Inc,1
72ad9d9e-ae14-4f44-b966-63cf6fbbbe5a,"Powers, Valdez and Baker",1
eaa911d6-436f-4102-b996-b57053abf789,Meyer-Chavez,1
ba823842-d495-4d4e-975c-1245c2ac7f60,"Cox, Pugh and Clayton",3
ec1073d6-7a11-45c3-9970-3cd2b1ab9758,Rasmussen PLC,4
7d10341f-d6f0-4d8a-836b-4827ab9fe500,Graham and Sons,0
9663314a-e211-4d48-9738-45e990493673,"Delacruz, Mendoza and Flores",0
88ac9839-1a39-4dbb-98ce-c16ffd520c80,Murphy Ltd,0
267d1f48-d5c6-446a-9e02-efc92692f67c,"Garcia, Young and Hawkins",1
48da79d2-0fef-4403-ad37-965c337de775,Mills Group,5
3a5ce659-eb80-425f-acaf-65d5d01b9218,Henderson Inc,6
e5fba36a-1568-4ab3-879a-2550c101727e,Daniels-Santiago,3
199c1c6c-3e18-4d9e-b12d-fd584c2a77ed,Bridges LLC,3
8a6ceb16-4d07-454a-89e3-ad43130e9e7d,"Reed, Fernandez and Rubio",1
aef565db-710d-46f7-bebe-5cbfa2c6f112,"Blevins, Hunter and Ayala",3
e1957cf6-8e2f-4fcb-9b73-171c2f6eeb1e,"Fox, Garcia and Johnson",6
0f96e915-11db-4a20-8225-041b192f6dcf,Hess Inc,1
420e7653-6e8a-40fe-9f3c-a617167ab2af,"Wright, Cross and Burns",8
92edd97e-c5b1-4372-934e-c88b58f48a88,Vega-Schultz,0
a1e7968e-24ae-4e71-81d4-c270724d249e,Schultz-Bradley,4
bcdfb318-bb60-40cb-822e-c5d16b0e8477,Spencer-Anderson,7
d2c478b5-10e4-48bb-97cb-c084052eb975,Williams-Jackson,4
e7235551-73ee-455a-bc2b-df5c01d483f8,"Murray, Peterson and Glass",1
25d7d34c-b365-4433-afaf-f4d45722cb82,Kline-York,9
8c8844e3-25d1-485d-b3c8-1f453d3796d9,Compton Inc,1
d11cdb61-1c56-455d-bc69-dbb2f1eaec2e,"Warren, Davis and Smith",3
7e6d0a01-8400-4d30-95df-71c9273ea8dc,Cochran-Moore,5
beb15f93-4431-4a3a-b6ae-6be49eb37e3c,Fitzgerald and Sons,3
c34286a5-df90-4b73-86b4-4efc31eda6a0,"Stevens, Durham and Bowman",8
ff590466-4b6b-4edf-9def-4cce97c81145,Howe-Faulkner,3
5dbc7917-9a67-479c-b3eb-0590c671cfd0,"Dickerson, West and Nolan",3
ad7573a1-3015-4e6d-a61c-cfef307183fe,Miller-Small,4
ce696d81-f95f-4c55-a296-2438baa77747,Smith-Hayes,0
73e61f1a-c594-437e-be7b-386e92c09e25,Pennington Ltd,6
cb26a60d-1713-41e6-9ef5-6abaac63d45f,"Phillips, Lowe and Medina",2
db0e3a94-3bf5-493e-9110-459d31f4a86c,Santana-Huber,9
2865b691-5cc8-422b-a3f0-dd2a94a28791,"Wagner, Smith and Fox",6
b5924517-5f4f-4a2e-a423-9e73cc7591df,Chavez-Petty,1
91d3b522-bb1b-4376-9b9f-f6314f0713b8,"Moore, Lee and Martin",7
244921d5-18b6-44ff-80e8-8ccef5a6638b,Mcdaniel LLC,5
7955ae91-8af8-4ec8-856c-2f7a4a1dda3c,Ali-Anthony,1
8143a409-57b1-4a75-817c-6c7f43d82636,Reynolds and Sons,4
27f582ce-c617-4aeb-b8c3-71965f6a67cc,"Brown, Kelly and Williams",6
9bc8808d-e8d9-4369-acdc-8332d2007be3,"Charles, Hayes and Lee",4
a3e9012c-c564-4e06-b9f8-d6e7bd0ba16c,Cameron and Sons,4
410ec931-fa7b-4067-b2b5-fac4ae42a6be,"Wong, Rivera and Walker",5
f88a0989-97b4-4f47-bad3-1e050af263a6,"Parker, Freeman and Zavala",6
d5bc9134-9507-4acb-9f68-37cd28eb60d3,Cooper Inc,5
58aadb6d-4791-43f2-8cab-8dada8edda14,Norton Ltd,3
e1896d10-9ff5-4fdb-a481-93fe3c76ae7c,Brown-Mayer,6
a4f8b8d9-cf18-4b17-bbee-42b4da4ca5ed,Bishop-Robinson,3
0d872373-2dc4-4c0c-b708-fc19ff75d2d0,Franklin-Mckinney,0
ccb317f2-9db1-457d-bb63-f0575d1e87a3,"Mays, Golden and Watson",0
2de7e9c1-80d4-4caf-978a-4239d54df0ca,Giles Inc,2
92c88a8d-26a5-4ff3-bbf1-81da24b8fd10,Harris-Woods,3
a3666da7-f532-48c0-8117-6fda7c56750b,Keller Group,8
d72538bc-106b-4ca1-9ac9-157f35982d48,"Brown, Thornton and Myers",0
6c866a9f-07cb-4c7e-bb54-4f39e0c71c46,Kelly LLC,5
544aab8b-a746-4011-96d0-e198bd6fe2dd,Brandt Group,2
c362ddf5-57ef-49f6-8a15-52be70ea2e74,"Armstrong, Harvey and Williams",2
a1bd3293-70b3-4464-ac61-467ad5fa3a79,"Zimmerman, Phillips and Brown",1
59c9c77f-bc52-4664-a1b8-852504cccb49,Daniel-Ruiz,1
2e094042-8c40-484e-8944-b54473045219,Chapman-Arnold,1
9da385ec-bcc8-4b3e-a5d3-389cbcdb94d8,Tucker and Sons,5
41ace389-30ec-4305-9a26-f6206af20564,"Jones, Bell and Gentry",3
457d7889-2bc2-40ae-a723-c5e748a47778,Mueller and Sons,0
1a5d48c3-37e1-4c7b-8fd7-5fb7a4fd12d1,"Lopez, Hernandez and Hutchinson",2
7d3b9534-76c9-4497-af57-cabe23d69fd3,Bell-Moreno,6
dbe09df1-c350-4abe-b78b-c1dbf35b3e2c,Bates PLC,4
40275ec0-c7a0-4005-8316-0b5818aa4703,Bailey-Townsend,2
50a71a3a-50ef-4056-a98b-e4deb738c0b8,Park-Olson,4
8e5187e8-01e3-41bd-a508-48acbcfad374,Carrillo-Rios,2
c91ec868-4589-405f-bcdc-451e29f76d5b,Smith-Williams,2
2d9bad83-9446-42a3-b07e-6ca9b8b6f048,Lee Group,2
cdbe1afa-567b-44bd-a922-89f65d6fa794,Moore-Hill,7
a9e3dc73-643d-4579-814d-ce2c92cc6dac,Roberts-Zamora,1
33e06b31-e20c-43c6-b908-a783aeff9ffb,Meyer and Sons,1
c39502c9-5ce0-4d0c-8edd-9fc850351c6e,Hale-Griffin,2
57b2dc45-7260-4db9-94cf-b2ab7044c9f4,"Griffith, Anderson and Gomez",3
4789133b-b338-4ff1-ac6e-ce22acf1bd16,"Hayes, Perez and Prince",9
2e934f02-408f-46af-a085-504eaa17659f,"White, Phillips and Harris",2
98b955e5-d754-4021-87a8-6b6541afc01b,Boyd Inc,3
fd32892c-1a33-4767-b294-f60cc67106ae,Reyes Ltd,2
0046470e-9d7e-435e-a1d7-d8e4e373c7a0,"Henry, Crawford and Torres",0
5f39b826-a2b2-42dd-8f74-52c962ae3e13,Mayer-Newton,0
88046297-f620-453e-b740-59c546a9c6b6,Alvarez Inc,1
a4a38755-93ff-4f71-bb44-a04108276388,"Roth, Evans and Harris",0
8f123b48-4673-4bd2-9b09-ad66b62ec865,Sherman-Jackson,6
ebcbd0b5-5e0c-41c1-8943-08b78358fd00,"Schmidt, Dalton and Stone",2
8db3762b-e633-4067-bae7-872bb2698048,Jones Inc,0
f1050cbd-3c9d-4af1-9be6-6c089e535cc7,Crosby-Washington,6
b3222678-000f-40cc-b570-f65eab7f3bb9,Shelton LLC,6
29c34d22-ed38-4484-b116-c9d13c3d71f8,"Campos, Watts and Allen",5
b9be5b3f-ab33-4b15-9ba7-31588e9112ff,"Thomas, Snyder and Moore",1
2b109235-6a1e-4d27-b8cc-713e87793f3f,Anderson-Rios,1
57b5dc73-5dff-481e-b4e4-35753c0b646b,"Davis, Williams and Aguilar",3
6c7d2c66-93f7-432f-ab29-5572703ab3e0,"Williams, Roberson and Shelton",3
41548e96-a9af-4e22-9536-753019fdc55d,Higgins Group,3
a46d842f-84dc-4b88-9233-2611b73649bd,Henry LLC,4
f20edf75-2de1-43fe-8567-55263d905a70,Olson-Wallace,3
44f5637c-633a-4246-8309-109772356320,Berg-Ball,7
8effe9ef-3aef-4e4d-a3b6-05f44527eef4,Ross PLC,6
d85cf176-d058-455d-94ff-497b51085a3a,Baldwin PLC,1
8c3b0ec6-2f6d-4636-8d24-eb7c921e9319,Richardson-Richardson,3
ff66e337-964d-429a-9b18-2a64f3c0d3ea,Chen Group,2
d0455626-36a2-4912-a95f-0254801e0995,"Walker, Carney and Gomez",1
c6a76e2f-4624-460a-8487-a845590b2465,Fernandez and Sons,2
1f20b013-2236-4f42-a60b-cfc733183815,Velez-Garcia,1
866c1c3b-5836-4c9f-b536-44f4dd2cd99f,"Lopez, Wilson and Buchanan",1
adccfad7-12cc-4936-8765-2a76e12e2c4d,Fuentes Ltd,0
5708b709-7790-4342-b7ff-a540d9e05dd1,Howard-Wells,4
475c138d-0d5e-419c-8f4b-069dd695701e,Rodriguez-Aguirre,6
57a24665-0568-4f54-bdc9-12a12f04205d,Morrison LLC,5
9d440407-795c-44cf-80ce-b08ae16efdd7,Whitney and Sons,5
962dc4f0-68f4-43a9-960c-5f8a27386679,Zamora-Hill,3
bdd70830-a8e1-48f4-9b3b-474f35fda178,Salazar PLC,0
e3cd635d-5a03-42b3-84f1-e20a8e1217f4,Cummings-Schmidt,4
d45c3202-14ab-4876-8f22-6107384517cc,"Jones, Paul and Huynh",6
5b1ff32c-7bfd-47bd-8ff3-a88f413ac1fd,Jackson PLC,5
1b857511-9425-42f6-93d1-6a09d0bb4e30,"Thompson, Rush and Rodriguez",0
be0fec23-dc7c-4d13-ae5b-fe35fd1030ab,Thomas-White,5
19cbf700-5458-4e2a-8cc9-a10bd155c078,Blankenship Group,6
ae80ee03-2cb8-4863-8a28-3b41545ae6ea,Thomas LLC,3
4b4f4e29-a825-4551-8f8f-7578033404ee,"Edwards, Reed and Ashley",4
bd5d3af5-a454-413b-a121-a26105795410,Martin PLC,2
3f9098a4-9b02-4756-98a6-67148356db8a,Schroeder Ltd,0
60aa9cc5-7742-4d3d-88ee-bfbe3131f403,"Cruz, Gates and Shaw",3
b3c87b6c-ae3e-4b34-8b91-ad94e38f1b0f,Dodson and Sons,9
51d52593-738e-4e73-8462-2613f442977f,White-Scott,4
908bd846-1844-4534-9280-fd2d4100017e,"Beasley, Camacho and Hill",4
